CFOP;Descriçăo
1101;Compra para industrializaçăo
1102;Compra para comercializaçăo
1111;Compra para industrializaçăo de mercadoria recebida anteriormente em consignaçăo industrial
1113;Compra para comercializaçăo, de mercadoria recebida anteriormente em consignaçăo mercantil
1116;Compra para industrializaçăo originada de encomenda para recebimento futuro
1117;Compra para comercializaçăo originada de encomenda para recebimento futuro
1118;Compra de mercadoria para comercializaçăo pelo adquirente originário, entregue pelo vendedor remetente ao destinatário, em venda ŕ ordem
1120;Compra para industrializaçăo, em venda ŕ ordem, já recebida do vendedor remetente
1121;Compra para comercializaçăo, em venda ŕ ordem, já recebida do vendedor remetente
1122;Compra para industrializaçăo em que a mercadoria foi remetida pelo fornecedor ao industrializador sem transitar pelo estabelecimento adquirente
1124;Industrializaçăo efetuada por outra empresa
1125;Industrializaçăo efetuada por outra empresa quando a mercadoria remetida para utilizaçăo no processo de industrializaçăo năo transitou pelo estabelecimento adquirente da mercadoria
1126;Compra para utilizaçăo na prestaçăo de serviço
1128;Compra para utilizaçăo na prestaçăo de serviço sujeita ao ISSQN
1151;Transferęncia para industrializaçăo
1152;Transferęncia para comercializaçăo
1153;Transferęncia de energia elétrica para distribuiçăo
1154;Transferęncia para utilizaçăo na prestaçăo de serviço
1201;Devoluçăo de venda de produçăo do estabelecimento
1202;Devoluçăo de venda de mercadoria adquirida ou recebida de terceiros
1203;Devoluçăo de venda de produçăo do estabelecimento, destinada ŕ Zona Franca de Manaus ou Áreas de Livre Comércio
1204;Devoluçăo de venda de mercadoria adquirida ou recebida de terceiros, destinada ŕ Zona Franca de Manaus ou Áreas de Livre Comércio
1205;Anulaçăo de valor relativo ŕ prestaçăo de serviço de comunicaçăo
1206;Anulaçăo de valor relativo ŕ prestaçăo de serviço de transporte
1207;Anulaçăo de valor relativo ŕ venda de energia elétrica
1208;Devoluçăo de produçăo do estabelecimento, remetida em transferęncia
1209;Devoluçăo de mercadoria adquirida ou recebida de terceiros, remetida em transferęncia
1251;Compra de energia elétrica para distribuiçăo ou comercializaçăo
1252;Compra de energia elétrica por estabelecimento industrial
1253;Compra de energia elétrica por estabelecimento comercial
1254;Compra de energia elétrica por estabelecimento prestador de serviço de transporte
1255;Compra de energia elétrica por estabelecimento prestador de serviço de comunicaçăo
1256;Compra de energia elétrica por estabelecimento de produtor rural
1257;Compra de energia elétrica para consumo por demanda contratada
1301;Aquisiçăo de serviço de comunicaçăo para execuçăo de serviço da mesma natureza
1302;Aquisiçăo de serviço de comunicaçăo por estabelecimento industrial
1303;Aquisiçăo de serviço de comunicaçăo por estabelecimento comercial
1304;Aquisiçăo de serviço de comunicaçăo por estabelecimento de prestador de serviço de transporte
1305;Aquisiçăo de serviço de comunicaçăo por estabelecimento de geradora ou de distribuidora de energia elétrica
1306;Aquisiçăo de serviço de comunicaçăo por estabelecimento de produtor rural
1351;Aquisiçăo de serviço de transporte para execuçăo de serviço da mesma natureza
1352;Aquisiçăo de serviço de transporte por estabelecimento industrial
1353;Aquisiçăo de serviço de transporte por estabelecimento comercial
1354;Aquisiçăo de serviço de transporte por estabelecimento de prestador de serviço de comunicaçăo
1355;Aquisiçăo de serviço de transporte por estabelecimento de geradora ou de distribuidora de energia elétrica
1356;Aquisiçăo de serviço de transporte por estabelecimento de produtor rural
1360;Aquisiçăo de serviço de transporte por contribuinte substituto em relaçăo ao serviço de transporte.
1401;Compra para industrializaçăo em operaçăo com mercadoria sujeita ao regime de substituiçăo tributária
1403;Compra para comercializaçăo em operaçăo com mercadoria sujeita ao regime de substituiçăo tributária
1406;Compra de bem para o ativo imobilizado cuja mercadoria está sujeita ao regime de substituiçăo tributária
1407;Compra de mercadoria para uso ou consumo cuja mercadoria está sujeita ao regime de substituiçăo tributária
1408;Transferęncia para industrializaçăo em operaçăo com mercadoria sujeita ao regime de substituiçăo tributária
1409;Transferęncia para comercializaçăo em operaçăo com mercadoria sujeita ao regime de substituiçăo tributária
1410;Devoluçăo de venda de produçăo do estabelecimento em operaçăo com produto sujeito ao regime de substituiçăo tributária
1411;Devoluçăo de venda de mercadoria adquirida ou recebida de terceiros em operaçăo com mercadoria sujeita ao regime de substituiçăo tributária
1414;Retorno de produçăo do estabelecimento, remetida para venda fora do estabelecimento em operaçăo com produto sujeito ao regime de substituiçăo tributária
1415;Retorno de mercadoria adquirida ou recebida de terceiros, remetida para venda fora do estabelecimento em operaçăo com mercadoria sujeita ao regime de substituiçăo tributária
1451;Retorno de animal do estabelecimento produtor
1452;Retorno de insumo năo utilizado na produçăo
1501;Entrada de mercadoria recebida com fim específico de exportaçăo
1503;Entrada decorrente de devoluçăo de produto remetido com fim específico de exportaçăo, de produçăo do estabelecimento
1504;Entrada decorrente de devoluçăo de mercadoria remetida com fim específico de exportaçăo, adquirida ou recebida de terceiros
1505;Entrada decorrente de devoluçăo simbólica de mercadorias remetidas para formaçăo de lote de exportaçăo, de produtos industrializados ou produzidos pelo próprio estabelecimento.
1506;Entrada decorrente de devoluçăo simbólica de mercadorias, adquiridas ou recebidas de terceiros, remetidas para formaçăo de lote de exportaçăo.
1551;Compra de bem para o ativo imobilizado
1552;Transferęncia de bem do ativo imobilizado
1553;Devoluçăo de venda de bem do ativo imobilizado
1554;Retorno de bem do ativo imobilizado remetido para uso fora do estabelecimento
1555;Entrada de bem do ativo imobilizado de terceiro, remetido para uso no estabelecimento
1556;Compra de material para uso ou consumo
1557;Transferęncia de material para uso ou consumo
1601;Recebimento, por transferęncia, de crédito de ICMS
1602;Recebimento, por transferęncia, de saldo credor de ICMS de outro estabelecimento da mesma empresa, para compensaçăo de saldo devedor de ICMS
1603;Ressarcimento de ICMS retido por substituiçăo tributária
1604;Lançamento do crédito relativo ŕ compra de bem para o ativo imobilizado
1605;Recebimento, por transferęncia, de saldo devedor de ICMS de outro estabelecimento da mesma empresa.
1651;Compra de combustível ou lubrificante para industrializaçăo subseqüente
1652;Compra de combustível ou lubrificante para comercializaçăo
1653;Compra de combustível ou lubrificante por consumidor ou usuário final
1658;Transferęncia de combustível e lubrificante para industrializaçăo
1659;Transferęncia de combustível e lubrificante para comercializaçăo
1660;Devoluçăo de venda de combustível ou lubrificante destinado ŕ industrializaçăo subseqüente
1661;Devoluçăo de venda de combustível ou lubrificante destinado ŕ comercializaçăo
1662;Devoluçăo de venda de combustível ou lubrificante destinado a consumidor ou usuário final
1663;Entrada de combustível ou lubrificante para armazenagem
1664;Retorno de combustível ou lubrificante remetido para armazenagem
1901;Entrada para industrializaçăo por encomenda
1902;Retorno de mercadoria remetida para industrializaçăo por encomenda
1903;Entrada de mercadoria remetida para industrializaçăo e năo aplicada no referido processo
1904;Retorno de remessa para venda fora do estabelecimento
1905;Entrada de mercadoria recebida para depósito em depósito fechado ou armazém geral
1906;Retorno de mercadoria remetida para depósito fechado ou armazém geral
1907;Retorno simbólico de mercadoria remetida para depósito fechado ou armazém geral
1908;Entrada de bem por conta de contrato de comodato
1909;Retorno de bem remetido por conta de contrato de comodato
1910;Entrada de bonificaçăo, doaçăo ou brinde
1911;Entrada de amostra grátis
1912;Entrada de mercadoria ou bem recebido para demonstraçăo
1913;Retorno de mercadoria ou bem remetido para demonstraçăo
1914;Retorno de mercadoria ou bem remetido para exposiçăo ou feira
1915;Entrada de mercadoria ou bem recebido para conserto ou reparo
1916;Retorno de mercadoria ou bem remetido para conserto ou reparo
1917;Entrada de mercadoria recebida em consignaçăo mercantil ou industrial
1918;Devoluçăo de mercadoria remetida em consignaçăo mercantil ou industrial
1919;Devoluçăo simbólica de mercadoria vendida ou utilizada em processo industrial, remetida anteriormente em consignaçăo mercantil ou industrial
1920;Entrada de vasilhame ou sacaria
1921;Retorno de vasilhame ou sacaria
1922;Lançamento efetuado a título de simples faturamento decorrente de compra para recebimento futuro
1923;Entrada de mercadoria recebida do vendedor remetente, em venda ŕ ordem
1924;Entrada para industrializaçăo por conta e ordem do adquirente da mercadoria, quando esta năo transitar pelo estabelecimento do adquirente
1925;Retorno de mercadoria remetida para industrializaçăo por conta e ordem do adquirente da mercadoria, quando esta năo transitar pelo estabelecimento do adquirente
1926;Lançamento efetuado a título de reclassificaçăo de mercadoria decorrente de formaçăo de kit ou de sua desagregaçăo
1931;Lançamento efetuado pelo tomador do serviço de transporte quando a responsabilidade de retençăo do imposto for atribuída ao remetente ou alienante da mercadoria, pelo serviço de transporte realizado por transportador autônomo ou por transportador năo inscrito na unidade da Federaçăo onde iniciado o serviço. (Ajuste SINIEF 03/04)
1932;Aquisiçăo de serviço de transporte iniciado em unidade da Federaçăo diversa daquela onde inscrito o prestador. (ajuste sinief 03/04)
1933;Aquisiçăo de serviço tributado pelo ISSQN.(ajuste sinief 03/04)
1934;Entrada simbólica de mercadoria recebida para depósito fechado ou armazém geral
1949;Outra entrada de mercadoria ou prestaçăo de serviço năo especificada
2101;Compra para industrializaçăo
2102;Compra para comercializaçăo
2111;Compra para industrializaçăo de mercadoria recebida anteriormente em consignaçăo industrial
2113;Compra para comercializaçăo, de mercadoria recebida anteriormente em consignaçăo mercantil
2116;Compra para industrializaçăo originada de encomenda para recebimento futuro
2117;Compra para comercializaçăo originada de encomenda para recebimento futuro
2118;Compra de mercadoria para comercializaçăo pelo adquirente originário, entregue pelo vendedor remetente ao destinatário, em venda ŕ ordem
2120;Compra para industrializaçăo, em venda ŕ ordem, já recebida do vendedor remetente
2121;Compra para comercializaçăo, em venda ŕ ordem, já recebida do vendedor remetente
2122;Compra para industrializaçăo em que a mercadoria foi remetida pelo fornecedor ao industrializador sem transitar pelo estabelecimento adquirente
2124;Industrializaçăo efetuada por outra empresa
2125;Industrializaçăo efetuada por outra empresa quando a mercadoria remetida para utilizaçăo no processo de industrializaçăo năo transitou pelo estabelecimento adquirente da mercadoria
2126;Compra para utilizaçăo na prestaçăo de serviço
2128;Compra para utilizaçăo na prestaçăo de serviço sujeita ao ISSQN
2151;Transferęncia para industrializaçăo
2152;Transferęncia para comercializaçăo
2153;Transferęncia de energia elétrica para distribuiçăo
2154;Transferęncia para utilizaçăo na prestaçăo de serviço
2201;Devoluçăo de venda de produçăo do estabelecimento
2202;Devoluçăo de venda de mercadoria adquirida ou recebida de terceiros
2203;Devoluçăo de venda de produçăo do estabelecimento, destinada ŕ Zona Franca de Manaus ou Áreas de Livre Comércio
2204;Devoluçăo de venda de mercadoria adquirida ou recebida de terceiros, destinada ŕ Zona Franca de Manaus ou Áreas de Livre Comércio
2205;Anulaçăo de valor relativo ŕ prestaçăo de serviço de comunicaçăo
2206;Anulaçăo de valor relativo ŕ prestaçăo de serviço de transporte
2207;Anulaçăo de valor relativo ŕ venda de energia elétrica
2208;Devoluçăo de produçăo do estabelecimento, remetida em transferęncia
2209;Devoluçăo de mercadoria adquirida ou recebida de terceiros, remetida em transferęncia
2251;Compra de energia elétrica para distribuiçăo ou comercializaçăo
2252;Compra de energia elétrica por estabelecimento industrial
2253;Compra de energia elétrica por estabelecimento comercial
2254;Compra de energia elétrica por estabelecimento prestador de serviço de transporte
2255;Compra de energia elétrica por estabelecimento prestador de serviço de comunicaçăo
2256;Compra de energia elétrica por estabelecimento de produtor rural
2257;Compra de energia elétrica para consumo por demanda contratada
2301;Aquisiçăo de serviço de comunicaçăo para execuçăo de serviço da mesma natureza
2302;Aquisiçăo de serviço de comunicaçăo por estabelecimento industrial
2303;Aquisiçăo de serviço de comunicaçăo por estabelecimento comercial
2304;Aquisiçăo de serviço de comunicaçăo por estabelecimento de prestador de serviço de transporte
2305;Aquisiçăo de serviço de comunicaçăo por estabelecimento de geradora ou de distribuidora de energia elétrica
2306;Aquisiçăo de serviço de comunicaçăo por estabelecimento de produtor rural
2351;Aquisiçăo de serviço de transporte para execuçăo de serviço da mesma natureza
2352;Aquisiçăo de serviço de transporte por estabelecimento industrial
2353;Aquisiçăo de serviço de transporte por estabelecimento comercial
2354;Aquisiçăo de serviço de transporte por estabelecimento de prestador de serviço de comunicaçăo
2355;Aquisiçăo de serviço de transporte por estabelecimento de geradora ou de distribuidora de energia elétrica
2356;Aquisiçăo de serviço de transporte por estabelecimento de produtor rural
2401;Compra para industrializaçăo em operaçăo com mercadoria sujeita ao regime de substituiçăo tributária
2403;Compra para comercializaçăo em operaçăo com mercadoria sujeita ao regime de substituiçăo tributária
2406;Compra de bem para o ativo imobilizado cuja mercadoria está sujeita ao regime de substituiçăo tributária
2407;Compra de mercadoria para uso ou consumo cuja mercadoria está sujeita ao regime de substituiçăo tributária
2408;Transferęncia para industrializaçăo em operaçăo com mercadoria sujeita ao regime de substituiçăo tributária
2409;Transferęncia para comercializaçăo em operaçăo com mercadoria sujeita ao regime de substituiçăo tributária
2410;Devoluçăo de venda de produçăo do estabelecimento em operaçăo com produto sujeito ao regime de substituiçăo tributária
2411;Devoluçăo de venda de mercadoria adquirida ou recebida de terceiros em operaçăo com mercadoria sujeita ao regime de substituiçăo tributária
2414;Retorno de produçăo do estabelecimento, remetida para venda fora do estabelecimento em operaçăo com produto sujeito ao regime de substituiçăo tributária
2415;Retorno de mercadoria adquirida ou recebida de terceiros, remetida para venda fora do estabelecimento em operaçăo com mercadoria sujeita ao regime de substituiçăo tributária
2501;Entrada de mercadoria recebida com fim específico de exportaçăo
2503;Entrada decorrente de devoluçăo de produto remetido com fim específico de exportaçăo, de produçăo do estabelecimento
2504;Entrada decorrente de devoluçăo de mercadoria remetida com fim específico de exportaçăo, adquirida ou recebida de terceiros
2505;Entrada decorrente de devoluçăo simbólica de mercadorias remetidas para formaçăo de lote de exportaçăo, de produtos industrializados ou produzidos pelo próprio estabelecimento.
2506;Entrada decorrente de devoluçăo simbólica de mercadorias, adquiridas ou recebidas de terceiros, remetidas para formaçăo de lote de exportaçăo.
2551;Compra de bem para o ativo imobilizado
2552;Transferęncia de bem do ativo imobilizado
2553;Devoluçăo de venda de bem do ativo imobilizado
2554;Retorno de bem do ativo imobilizado remetido para uso fora do estabelecimento
2555;Entrada de bem do ativo imobilizado de terceiro, remetido para uso no estabelecimento
2556;Compra de material para uso ou consumo
2557;Transferęncia de material para uso ou consumo
2603;Ressarcimento de ICMS retido por substituiçăo tributária
2651;Compra de combustível ou lubrificante para industrializaçăo subseqüente
2652;Compra de combustível ou lubrificante para comercializaçăo
2653;Compra de combustível ou lubrificante por consumidor ou usuário final
2658;Transferęncia de combustível e lubrificante para industrializaçăo
2659;Transferęncia de combustível e lubrificante para comercializaçăo
2660;Devoluçăo de venda de combustível ou lubrificante destinado ŕ industrializaçăo subseqüente
2661;Devoluçăo de venda de combustível ou lubrificante destinado ŕ comercializaçăo
2662;Devoluçăo de venda de combustível ou lubrificante destinado a consumidor ou usuário final
2663;Entrada de combustível ou lubrificante para armazenagem
2664;Retorno de combustível ou lubrificante remetido para armazenagem
2901;Entrada para industrializaçăo por encomenda
2902;Retorno de mercadoria remetida para industrializaçăo por encomenda
2903;Entrada de mercadoria remetida para industrializaçăo e năo aplicada no referido processo
2904;Retorno de remessa para venda fora do estabelecimento
2905;Entrada de mercadoria recebida para depósito em depósito fechado ou armazém geral
2906;Retorno de mercadoria remetida para depósito fechado ou armazém geral
2907;Retorno simbólico de mercadoria remetida para depósito fechado ou armazém geral
2908;Entrada de bem por conta de contrato de comodato
2909;Retorno de bem remetido por conta de contrato de comodato
2910;Entrada de bonificaçăo, doaçăo ou brinde
2911;Entrada de amostra grátis
2912;Entrada de mercadoria ou bem recebido para demonstraçăo
2913;Retorno de mercadoria ou bem remetido para demonstraçăo
2914;Retorno de mercadoria ou bem remetido para exposiçăo ou feira
2915;Entrada de mercadoria ou bem recebido para conserto ou reparo
2916;Retorno de mercadoria ou bem remetido para conserto ou reparo
2917;Entrada de mercadoria recebida em consignaçăo mercantil ou industrial
2918;Devoluçăo de mercadoria remetida em consignaçăo mercantil ou industrial
2919;Devoluçăo simbólica de mercadoria vendida ou utilizada em processo industrial, remetida anteriormente em consignaçăo mercantil ou industrial
2920;Entrada de vasilhame ou sacaria
2921;Retorno de vasilhame ou sacaria
2922;Lançamento efetuado a título de simples faturamento decorrente de compra para recebimento futuro
2923;Entrada de mercadoria recebida do vendedor remetente, em venda ŕ ordem
2924;Entrada para industrializaçăo por conta e ordem do adquirente da mercadoria, quando esta năo transitar pelo estabelecimento do adquirente
2925;Retorno de mercadoria remetida para industrializaçăo por conta e ordem do adquirente da mercadoria, quando esta năo transitar pelo estabelecimento do adquirente
2931;Lançamento efetuado pelo tomador do serviço de transporte quando a responsabilidade de retençăo do imposto for atribuída ao remetente ou alienante da mercadoria, pelo serviço de transporte realizado por transportador autônomo ou por transportador năo inscrito na unidade da Federaçăo onde iniciado o serviço. (ajuste sinief 03/04)
2932;Aquisiçăo de serviço de transporte iniciado em unidade da Federaçăo diversa daquela onde inscrito o prestador. (ajuste sinief 03/04)
2933;Aquisiçăo de serviço tributado pelo ISSQN. (ajuste sinief 03/04)
2934;Entrada simbólica de mercadoria recebida para depósito fechado ou armazém geral
2949;Outra entrada de mercadoria ou prestaçăo de serviço năo especificado
3101;Compra para industrializaçăo
3102;Compra para comercializaçăo
3126;Compra para utilizaçăo na prestaçăo de serviço
3127;Compra para industrializaçăo sob o regime de drawback
3128;Compra para utilizaçăo na prestaçăo de serviço sujeita ao ISSQN
3201;Devoluçăo de venda de produçăo do estabelecimento
3202;Devoluçăo de venda de mercadoria adquirida ou recebida de terceiros
3205;Anulaçăo de valor relativo ŕ prestaçăo de serviço de comunicaçăo
3206;Anulaçăo de valor relativo ŕ prestaçăo de serviço de transporte
3207;Anulaçăo de valor relativo ŕ venda de energia elétrica
3211;Devoluçăo de venda de produçăo do estabelecimento sob o regime de drawback
3217;"Compra para industrializaçăo sob o regime de ""drawback"""
3251;Compra de energia elétrica para distribuiçăo ou comercializaçăo
3301;Aquisiçăo de serviço de comunicaçăo para execuçăo de serviço da mesma natureza
3351;Aquisiçăo de serviço de transporte para execuçăo de serviço da mesma natureza
3352;Aquisiçăo de serviço de transporte por estabelecimento industrial
3353;Aquisiçăo de serviço de transporte por estabelecimento comercial
3354;Aquisiçăo de serviço de transporte por estabelecimento de prestador de serviço de comunicaçăo
3355;Aquisiçăo de serviço de transporte por estabelecimento de geradora ou de distribuidora de energia elétrica
3356;Aquisiçăo de serviço de transporte por estabelecimento de produtor rural
3503;Devoluçăo de mercadoria exportada que tenha sido recebida com fim específico de exportaçăo
3551;Compra de bem para o ativo imobilizado
3553;Devoluçăo de venda de bem do ativo imobilizado
3556;Compra de material para uso ou consumo
3651;Compra de combustível ou lubrificante para industrializaçăo subseqüente
3652;Compra de combustível ou lubrificante para comercializaçăo
3653;Compra de combustível ou lubrificante por consumidor ou usuário final
3930;Lançamento efetuado a título de entrada de bem sob amparo de regime especial aduaneiro de admissăo temporária
3949;Outra entrada de mercadoria ou prestaçăo de serviço năo especificado
5101;Venda de produçăo do estabelecimento
5102;Venda de mercadoria de terceiros
5103;Venda de produçăo do estabelecimento, efetuada fora do estabelecimento
5104;Venda de mercadoria adquirida ou recebida de terceiros, efetuada fora do estabelecimento
5105;Venda de produçăo do estabelecimento que năo deva por ele transitar
5106;Venda de mercadoria adquirida ou recebida de terceiros, que năo deva por ele transitar
5109;Venda de produçăo do estabelecimento, destinada ŕ Zona Franca de Manaus ou Áreas de Livre Comércio
5110;Venda de mercadoria adquirida ou recebida de terceiros, destinada ŕ Zona Franca de Manaus ou Áreas de Livre Comércio
5111;Venda de produçăo do estabelecimento remetida anteriormente em consignaçăo industrial
5112;Venda de mercadoria adquirida ou recebida de terceiros remetida anteriormente em consignaçăo industrial
5113;Venda de produçăo do estabelecimento remetida anteriormente em consignaçăo mercantil
5114;Venda de mercadoria adquirida ou recebida de terceiros remetida anteriormente em consignaçăo mercantil
5115;Venda de mercadoria adquirida ou recebida de terceiros, recebida anteriormente em consignaçăo mercantil
5116;Venda de produçăo do estabelecimento originada de encomenda para entrega futura
5117;Venda de mercadoria adquirida ou recebida de terceiros, originada de encomenda para entrega futura
5118;Venda de produçăo do estabelecimento entregue ao destinatário por conta e ordem do adquirente originário, em venda ŕ ordem
5119;Venda de mercadoria adquirida ou recebida de terceiros entregue ao destinatário por conta e ordem do adquirente originário, em venda ŕ ordem
5120;Venda de mercadoria adquirida ou recebida de terceiros entregue ao destinatário pelo vendedor remetente, em venda ŕ ordem
5122;Venda de produçăo do estabelecimento remetida para industrializaçăo, por conta e ordem do adquirente, sem transitar pelo estabelecimento do adquirente
5123;Venda de mercadoria adquirida ou recebida de terceiros remetida para industrializaçăo, por conta e ordem do adquirente, sem transitar pelo estabelecimento do adquirente
5124;Industrializaçăo efetuada para outra empresa
5125;Industrializaçăo efetuada para outra empresa quando a mercadoria recebida para utilizaçăo no processo de industrializaçăo năo transitar pelo estabelecimento adquirente da mercadoria
5151;Transferęncia de produçăo do estabelecimento
5152;Transferęncia de mercadoria adquirida ou recebida de terceiros
5153;Transferęncia de energia elétrica
5155;Transferęncia de produçăo do estabelecimento, que năo deva por ele transitar
5156;Transferęncia de mercadoria adquirida ou recebida de terceiros, que năo deva por ele transitar
5201;Devoluçăo de compra para industrializaçăo
5202;Devoluçăo de compra para comercializaçăo
5205;Anulaçăo de valor relativo a aquisiçăo de serviço de comunicaçăo
5206;Anulaçăo de valor relativo a aquisiçăo de serviço de transporte
5207;Anulaçăo de valor relativo ŕ compra de energia elétrica
5208;Devoluçăo de mercadoria recebida em transferęncia para industrializaçăo
5209;Devoluçăo de mercadoria recebida em transferęncia para comercializaçăo
5210;Devoluçăo de compra para utilizaçăo na prestaçăo de serviço
5251;Venda de energia elétrica para distribuiçăo ou comercializaçăo
5252;Venda de energia elétrica para estabelecimento industrial
5253;Venda de energia elétrica para estabelecimento comercial
5254;Venda de energia elétrica para estabelecimento prestador de serviço de transporte
5255;Venda de energia elétrica para estabelecimento prestador de serviço de comunicaçăo
5256;Venda de energia elétrica para estabelecimento de produtor rural
5257;Venda de energia elétrica para consumo por demanda contratada
5258;Venda de energia elétrica a năo contribuinte
5301;Prestaçăo de serviço de comunicaçăo para execuçăo de serviço da mesma natureza
5302;Prestaçăo de serviço de comunicaçăo a estabelecimento industrial
5303;Prestaçăo de serviço de comunicaçăo a estabelecimento comercial
5304;Prestaçăo de serviço de comunicaçăo a estabelecimento de prestador de serviço de transporte
5305;Prestaçăo de serviço de comunicaçăo a estabelecimento de geradora ou de distribuidora de energia elétrica
5306;Prestaçăo de serviço de comunicaçăo a estabelecimento de produtor rural
5307;Prestaçăo de serviço de comunicaçăo a năo contribuinte
5351;Prestaçăo de serviço de transporte para execuçăo de serviço da mesma natureza
5352;Prestaçăo de serviço de transporte a estabelecimento industrial
5353;Prestaçăo de serviço de transporte a estabelecimento comercial
5354;Prestaçăo de serviço de transporte a estabelecimento de prestador de serviço de comunicaçăo
5355;Prestaçăo de serviço de transporte a estabelecimento de geradora ou de distribuidora de energia elétrica
5356;Prestaçăo de serviço de transporte a estabelecimento de produtor rural
5357;Prestaçăo de serviço de transporte a năo contribuinte
5359;Prestaçăo de serviço de transporte a contribuinte ou a năo contribuinte quando a mercadoria transportada está dispensada de emissăo de nota fiscal. (ajuste sinief 03/04)
5360;Prestaçăo de serviço de transporte a contribuinte substituto em relaçăo ao serviço de transporte.
5401;Venda de produçăo do estabelecimento em operaçăo com produto sujeito ao regime de substituiçăo tributária, na condiçăo de contribuinte substituto
5402;Venda de produçăo do estabelecimento de produto sujeito ao regime de substituiçăo tributária, em operaçăo entre contribuintes substitutos do mesmo produto
5403;Venda de mercadoria, adquirida ou recebida de terceiros, sujeita ao regime de substituiçăo tributária, na condiçăo de contribuinte-substituto
5405;Venda de mercadoria, adquirida ou recebida de terceiros, sujeita ao regime de substituiçăo tributária, na condiçăo de contribuinte-substituído
5408;Transferęncia de produçăo do estabelecimento em operaçăo com produto sujeito ao regime de substituiçăo tributária
5409;Transferęncia de mercadoria adquirida ou recebida de terceiros em operaçăo com mercadoria sujeita ao regime de substituiçăo tributária
5410;Devoluçăo de compra para industrializaçăo em operaçăo com mercadoria sujeita ao regime de substituiçăo tributária
5411;Devoluçăo de compra para comercializaçăo em operaçăo com mercadoria sujeita ao regime de substituiçăo tributária
5412;Devoluçăo de bem do ativo imobilizado, em operaçăo com mercadoria sujeita ao regime de substituiçăo tributária
5413;Devoluçăo de mercadoria destinada ao uso ou consumo, em operaçăo com mercadoria sujeita ao regime de substituiçăo tributária.
5414;Remessa de produçăo do estabelecimento para venda fora do estabelecimento em operaçăo com produto sujeito ao regime de substituiçăo tributária
5415;Remessa de mercadoria adquirida ou recebida de terceiros para venda fora do estabelecimento, em operaçăo com mercadoria sujeita ao regime de substituiçăo tributária
5451;Remessa de animal e de insumo para estabelecimento produtor
5501;Remessa de produçăo do estabelecimento, com fim específico de exportaçăo
5502;Remessa de mercadoria adquirida ou recebida de terceiros, com fim específico de exportaçăo
5503;Devoluçăo de mercadoria recebida com fim específico de exportaçăo
5504;Remessa de mercadorias para formaçăo de lote de exportaçăo, de produtos industrializados ou produzidos pelo próprio estabelecimento.
5505;Remessa de mercadorias, adquiridas ou recebidas de terceiros, para formaçăo de lote de exportaçăo
5551;Venda de bem do ativo imobilizado
5552;Transferęncia de bem do ativo imobilizado
5553;Devoluçăo de compra de bem para o ativo imobilizado
5554;Remessa de bem do ativo imobilizado para uso fora do estabelecimento
5555;Devoluçăo de bem do ativo imobilizado de terceiro, recebido para uso no estabelecimento
5556;Devoluçăo de compra de material de uso ou consumo
5557;Transferęncia de material de uso ou consumo
5601;Transferęncia de crédito de ICMS acumulado
5602;Transferęncia de saldo credor de ICMS para outro estabelecimento da mesma empresa, destinado ŕ compensaçăo de saldo devedor de ICMS
5603;Ressarcimento de ICMS retido por substituiçăo tributária
5605;Transferęncia de saldo devedor de ICMS de outro estabelecimento da mesma empresa. (ajuste sinief 03/04)
5606;Utilizaçăo de saldo credor de ICMS para extinçăo por compensaçăo de débitos fiscais.
5651;Venda de combustível ou lubrificante de produçăo do estabelecimento destinado ŕ industrializaçăo subseqüente
5652;Venda de combustível ou lubrificante de produçăo do estabelecimento destinado ŕ comercializaçăo
5653;Venda de combustível ou lubrificante de produçăo do estabelecimento destinado a consumidor ou usuário final
5654;Venda de combustível ou lubrificante adquirido ou recebido de terceiros destinado ŕ industrializaçăo subseqüente
5655;Venda de combustível ou lubrificante adquirido ou recebido de terceiros destinado ŕ comercializaçăo
5656;Venda de combustível ou lubrificante adquirido ou recebido de terceiros destinado a consumidor ou usuário final
5657;Remessa de combustível ou lubrificante adquirido ou recebido de terceiros para venda fora do estabelecimento
5658;Transferęncia de combustível ou lubrificante de produçăo do estabelecimento
5659;Transferęncia de combustível ou lubrificante adquirido ou recebido de terceiro
5660;Devoluçăo de compra de combustível ou lubrificante adquirido para industrializaçăo subseqüente
5661;Devoluçăo de compra de combustível ou lubrificante adquirido para comercializaçăo
5662;Devoluçăo de compra de combustível ou lubrificante adquirido por consumidor ou usuário final
5663;Remessa para armazenagem de combustível ou lubrificante
5664;Retorno de combustível ou lubrificante recebido para armazenagem
5665;Retorno simbólico de combustível ou lubrificante recebido para armazenagem
5666;Remessa por conta e ordem de terceiros de combustível ou lubrificante recebido para armazenagem
5667;Venda de combustível ou lubrificante a consumidor ou usuário final estabelecido em outra unidade da Federaçăo
5901;Remessa para industrializaçăo por encomenda
5902;Retorno de mercadoria utilizada na industrializaçăo por encomenda
5903;Retorno de mercadoria recebida para industrializaçăo e năo aplicada no referido processo
5904;Remessa para venda fora do estabelecimento
5905;Remessa para depósito fechado ou armazém geral
5906;Retorno de mercadoria depositada em depósito fechado ou armazém geral
5907;Retorno simbólico de mercadoria depositada em depósito fechado ou armazém geral
5908;Remessa de bem por conta de contrato de comodato
5909;Retorno de bem recebido por conta de contrato de comodato
5910;Remessa em bonificaçăo, doaçăo ou brinde
5911;Remessa de amostra grátis
5912;Remessa de mercadoria ou bem para demonstraçăo
5913;Retorno de mercadoria ou bem recebido para demonstraçăo
5914;Remessa de mercadoria ou bem para exposiçăo ou feira
5915;Remessa de mercadoria ou bem para conserto ou reparo
5916;Retorno de mercadoria ou bem recebido para conserto ou reparo
5917;Remessa de mercadoria em consignaçăo mercantil ou industrial
5918;Devoluçăo de mercadoria recebida em consignaçăo mercantil ou industrial
5919;Devoluçăo simbólica de mercadoria vendida ou utilizada em processo industrial, recebida anteriormente em consignaçăo mercantil ou industrial
5920;Remessa de vasilhame ou sacaria
5921;Devoluçăo de vasilhame ou sacaria
5922;Lançamento efetuado a título de simples faturamento decorrente de venda para entrega futura
5923;Remessa de mercadoria por conta e ordem de terceiros, em venda ŕ ordem ou em operaçőes com armazém geral ou depósito fechado
5924;Remessa para industrializaçăo por conta e ordem do adquirente da mercadoria, quando esta năo transitar pelo estabelecimento do adquirente
5925;Retorno de mercadoria recebida para industrializaçăo por conta e ordem do adquirente da mercadoria, quando aquela năo transitar pelo estabelecimento do adquirente
5926;Lançamento efetuado a título de reclassificaçăo de mercadoria decorrente de formaçăo de kit ou de sua desagregaçăo
5927;Lançamento efetuado a título de baixa de estoque decorrente de perda, roubo ou deterioraçăo
5928;Lançamento efetuado a título de baixa de estoque decorrente do encerramento da atividade da empresa
5929;Lançamento referente a emissăo de Cupom Fiscal - ECF
5931;Lançamento efetuado em decorręncia da responsabilidade de retençăo do imposto por substituiçăo tributária, atribuída ao remetente ou alienante da mercadoria, pelo serviço de transporte realizado por transportador autônomo ou por transportador năo inscrito na unidade da Federaçăo onde iniciado o serviço
5932;Prestaçăo de serviço de transporte iniciada em unidade da Federaçăo diversa daquela onde inscrito o prestador
5933;Prestaçăo de serviço tributado pelo ISSQN. (ajuste sinief 03/04)
5934;Remessa simbólica de mercadoria depositada em armazém geral ou depósito fechado
5949;Outra saída de mercadoria ou prestaçăo de serviço năo especificado
6101;Venda de produçăo do estabelecimento
6102;Venda de mercadoria adquirida ou recebida de terceiros
6103;Venda de produçăo do estabelecimento, efetuada fora do estabelecimento
6104;Venda de mercadoria adquirida ou recebida de terceiros, efetuada fora do estabelecimento
6105;Venda de produçăo do estabelecimento que năo deva por ele transitar
6106;Venda de mercadoria adquirida ou recebida de terceiros, que năo deva por ele transitar
6107;Venda de produçăo do estabelecimento, destinada a năo contribuinte
6108;Venda de mercadoria adquirida ou recebida de terceiros, destinada a năo contribuinte
6109;Venda de produçăo do estabelecimento, destinada ŕ Zona Franca de Manaus ou Áreas de Livre Comércio
6110;Venda de mercadoria adquirida ou recebida de terceiros, destinada ŕ Zona Franca de Manaus ou Áreas de Livre Comércio
6111;Venda de produçăo do estabelecimento remetida anteriormente em consignaçăo industrial
6112;Venda de mercadoria adquirida ou recebida de Terceiros remetida anteriormente em consignaçăo industrial
6113;Venda de produçăo do estabelecimento remetida anteriormente em consignaçăo mercantil
6114;Venda de mercadoria adquirida ou recebida de terceiros remetida anteriormente em consignaçăo mercantil
6115;Venda de mercadoria adquirida ou recebida de terceiros, recebida anteriormente em consignaçăo mercantil
6116;Venda de produçăo do estabelecimento originada de encomenda para entrega futura
6117;Venda de mercadoria adquirida ou recebida de terceiros, originada de encomenda para entrega futura
6118;Venda de produçăo do estabelecimento entregue ao destinatário por conta e ordem do adquirente originário, em venda ŕ ordem
6119;Venda de mercadoria adquirida ou recebida de terceiros entregue ao destinatário por conta e ordem do adquirente originário, em venda ŕ ordem
6120;Venda de mercadoria adquirida ou recebida de terceiros entregue ao destinatário pelo vendedor remetente, em venda ŕ ordem
6122;Venda de produçăo do estabelecimento remetida para industrializaçăo, por conta e ordem do adquirente, sem transitar pelo estabelecimento do adquirente
6123;Venda de mercadoria adquirida ou recebida de terceiros remetida para industrializaçăo, por conta e ordem do adquirente, sem transitar pelo estabelecimento do adquirente
6124;Industrializaçăo efetuada para outra empresa
6125;Industrializaçăo efetuada para outra empresa quando a mercadoria recebida para utilizaçăo no processo de industrializaçăo năo transitar pelo estabelecimento adquirente da mercadoria
6151;Transferęncia de produçăo do estabelecimento
6152;Transferęncia de mercadoria adquirida ou recebida de terceiros
6153;Transferęncia de energia elétrica
6155;Transferęncia de produçăo do estabelecimento, que năo deva por ele transitar
6156;Transferęncia de mercadoria adquirida ou recebida de terceiros, que năo deva por ele transitar
6201;Devoluçăo de compra para industrializaçăo
6202;Devoluçăo de compra para comercializaçăo
6205;Anulaçăo de valor relativo a aquisiçăo de serviço de comunicaçăo
6206;Anulaçăo de valor relativo a aquisiçăo de serviço de transporte
6207;Anulaçăo de valor relativo ŕ compra de energia elétrica
6208;Devoluçăo de mercadoria recebida em transferęncia para industrializaçăo
6209;Devoluçăo de mercadoria recebida em transferęncia para comercializaçăo
6210;Devoluçăo de compra para utilizaçăo na prestaçăo de serviço
6251;Venda de energia elétrica para distribuiçăo ou comercializaçăo
6252;Venda de energia elétrica para estabelecimento industrial
6253;Venda de energia elétrica para estabelecimento comercial
6254;Venda de energia elétrica para estabelecimento prestador de serviço de transporte
6255;Venda de energia elétrica para estabelecimento prestador de serviço de comunicaçăo
6256;Venda de energia elétrica para estabelecimento de produtor rural
6257;Venda de energia elétrica para consumo por demanda contratada
6258;Venda de energia elétrica a năo contribuinte
6301;Prestaçăo de serviço de comunicaçăo para execuçăo de serviço da mesma natureza
6302;Prestaçăo de serviço de comunicaçăo a estabelecimento industrial
6303;Prestaçăo de serviço de comunicaçăo a estabelecimento comercial
6304;Prestaçăo de serviço de comunicaçăo a estabelecimento de prestador de serviço de transporte
6305;Prestaçăo de serviço de comunicaçăo a estabelecimento de geradora ou de distribuidora de energia elétrica
6306;Prestaçăo de serviço de comunicaçăo a estabelecimento de produtor rural
6307;Prestaçăo de serviço de comunicaçăo a năo contribuinte
6351;Prestaçăo de serviço de transporte para execuçăo de serviço da mesma natureza
6352;Prestaçăo de serviço de transporte a estabelecimento industrial
6353;Prestaçăo de serviço de transporte a estabelecimento comercial
6354;Prestaçăo de serviço de transporte a estabelecimento de prestador de serviço de comunicaçăo
6355;Prestaçăo de serviço de transporte a estabelecimento de geradora ou de distribuidora de energia elétrica
6356;Prestaçăo de serviço de transporte a estabelecimento de produtor rural
6357;Prestaçăo de serviço de transporte a năo contribuinte
6359;Prestaçăo de serviço de transporte a contribuinte ou a năo contribuinte quando a mercadoria transportada está dispensada de emissăo de nota fiscal. (ajuste sinief 03/04)
6360;Prestaçăo de serviço de transporte a contribuinte substituto em relaçăo ao serviço de transporte
6401;Venda de produçăo do estabelecimento em operaçăo com produto sujeito ao regime de substituiçăo tributária, na condiçăo de contribuinte substituto
6402;Venda de produçăo do estabelecimento de produto sujeito ao regime de substituiçăo tributária, em operaçăo entre contribuintes substitutos do mesmo produto
6403;Venda de mercadoria adquirida ou recebida de terceiros em operaçăo com mercadoria sujeita ao regime de substituiçăo tributária, na condiçăo de contribuinte substituto
6404;Venda de mercadoria sujeita ao regime de substituiçăo tributária, cujo imposto já tenha sido retido anteriormente
6408;Transferęncia de produçăo do estabelecimento em operaçăo com produto sujeito ao regime de substituiçăo tributária
6409;Transferęncia de mercadoria adquirida ou recebida de terceiros em operaçăo com mercadoria sujeita ao regime de substituiçăo tributária
6410;Devoluçăo de compra para industrializaçăo em operaçăo com mercadoria sujeita ao regime de substituiçăo tributária
6411;Devoluçăo de compra para comercializaçăo em operaçăo com mercadoria sujeita ao regime de substituiçăo tributária
6412;Devoluçăo de bem do ativo imobilizado, em operaçăo com mercadoria sujeita ao regime de substituiçăo tributária
6413;Devoluçăo de mercadoria destinada ao uso ou consumo, em operaçăo com mercadoria sujeita ao regime de substituiçăo tributária
6414;Remessa de produçăo do estabelecimento para venda fora do estabelecimento em operaçăo com produto sujeito ao regime de substituiçăo tributária
6415;Remessa de mercadoria adquirida ou recebida de terceiros para venda fora do estabelecimento, em operaçăo com mercadoria sujeita ao regime de substituiçăo tributária
6501;Remessa de produçăo do estabelecimento, com fim específico de exportaçăo
6502;Remessa de mercadoria adquirida ou recebida de terceiros, com fim específico de exportaçăo
6503;Devoluçăo de mercadoria recebida com fim específico de exportaçăo
6504;Remessa de mercadorias para formaçăo de lote de exportaçăo, de produtos industrializados ou produzidos pelo próprio estabelecimento.
6505;Remessa de mercadorias, adquiridas ou recebidas de terceiros, para formaçăo de lote de exportaçăo
6551;Venda de bem do ativo imobilizado
6552;Transferęncia de bem do ativo imobilizado
6553;Devoluçăo de compra de bem para o ativo imobilizado
6554;Remessa de bem do ativo imobilizado para uso fora do estabelecimento
6555;Devoluçăo de bem do ativo imobilizado de terceiro, recebido para uso no estabelecimento
6556;Devoluçăo de compra de material de uso ou consumo
6557;Transferęncia de material de uso ou consumo
6603;Ressarcimento de ICMS retido por substituiçăo tributária
6651;Venda de combustível ou lubrificante de produçăo do estabelecimento destinado ŕ industrializaçăo subseqüente
6652;Venda de combustível ou lubrificante de produçăo do estabelecimento destinado ŕ comercializaçăo
6653;Venda de combustível ou lubrificante de produçăo do estabelecimento destinado a consumidor ou usuário final
6654;Venda de combustível ou lubrificante adquirido ou recebido de terceiros destinado ŕ industrializaçăo subseqüente
6655;Venda de combustível ou lubrificante adquirido ou recebido de terceiros destinado ŕ comercializaçăo
6656;Venda de combustível ou lubrificante adquirido ou recebido de terceiros destinado a consumidor ou usuário final
6657;Remessa de combustível ou lubrificante adquirido ou recebido de terceiros para venda fora do estabelecimento
6658;Transferęncia de combustível ou lubrificante de produçăo do estabelecimento
6659;Transferęncia de combustível ou lubrificante adquirido ou recebido de terceiro
6660;Devoluçăo de compra de combustível ou lubrificante adquirido para industrializaçăo subseqüente
6661;Devoluçăo de compra de combustível ou lubrificante adquirido para comercializaçăo
6662;Devoluçăo de compra de combustível ou lubrificante adquirido por consumidor ou usuário final
6663;Remessa para armazenagem de combustível ou lubrificante
6664;Retorno de combustível ou lubrificante recebido para armazenagem
6665;Retorno simbólico de combustível ou lubrificante recebido para armazenagem
6666;Remessa por conta e ordem de terceiros de combustível ou lubrificante recebido para armazenagem
6667;Venda de combustível ou lubrificante a consumidor ou usuário final estabelecido em outra unidade da Federaçăo diferente a da que ocorrer o consumo
6901;Remessa para industrializaçăo por encomenda
6902;Retorno de mercadoria utilizada na industrializaçăo por encomenda
6903;Retorno de mercadoria recebida para industrializaçăo e năo aplicada no referido processo
6904;Remessa para venda fora do estabelecimento
6905;Remessa para depósito fechado ou armazém geral
6906;Retorno de mercadoria depositada em depósito fechado ou armazém geral
6907;Retorno simbólico de mercadoria depositada em depósito fechado ou armazém geral
6908;Remessa de bem por conta de contrato de comodato
6909;Retorno de bem recebido por conta de contrato de comodato
6910;Remessa em bonificaçăo, doaçăo ou brinde
6911;Remessa de amostra grátis
6912;Remessa de mercadoria ou bem para demonstraçăo
6913;Retorno de mercadoria ou bem recebido para demonstraçăo
6914;Remessa de mercadoria ou bem para exposiçăo ou feira
6915;Remessa de mercadoria ou bem para conserto ou reparo
6916;Retorno de mercadoria ou bem recebido para conserto ou reparo
6917;Remessa de mercadoria em consignaçăo mercantil ou industrial
6918;Devoluçăo de mercadoria recebida em consignaçăo mercantil ou industrial
6919;Devoluçăo simbólica de mercadoria vendida ou utilizada em processo industrial, recebida anteriormente em consignaçăo mercantil ou industrial
6920;Remessa de vasilhame ou sacaria
6921;Devoluçăo de vasilhame ou sacaria
6922;Lançamento efetuado a título de simples faturamento decorrente de venda para entrega futura
6923;Remessa de mercadoria por conta e ordem de terceiros, em venda ŕ ordem ou em operaçőes com armazém geral ou depósito fechado
6924;Remessa para industrializaçăo por conta e ordem do adquirente da mercadoria, quando esta năo transitar pelo estabelecimento do adquirente
6925;Retorno de mercadoria recebida para industrializaçăo por conta e ordem do adquirente da mercadoria, quando aquela năo transitar pelo estabelecimento do adquirente
6929;Lançamento referente a emissăo de Cupom Fiscal - ECF
6931;Lançamento efetuado em decorręncia da responsabilidade de retençăo do imposto por substituiçăo tributária, atribuída ao remetente ou alienante da mercadoria, pelo serviço de transporte realizado por transportador autônomo ou por transportador năo inscrito na unidade da Federaçăo onde iniciado o serviço
6932;Prestaçăo de serviço de transporte iniciada em unidade da Federaçăo diversa daquela onde inscrito o prestador
6933;Prestaçăo de serviço tributado pelo ISSQN (ajuste sinief 03/04)
6934;Remessa simbólica de mercadoria depositada em armazém geral ou depósito fechado
6949;Outra saída de mercadoria ou prestaçăo de serviço năo especificado
7101;Venda de produçăo do estabelecimento
7102;Venda de mercadoria adquirida ou recebida de terceiros
7105;Venda de produçăo do estabelecimento, que năo deva por ele transitar
7106;Venda de mercadoria adquirida ou recebida de terceiros, que năo deva por ele transitar
7127;Venda de produçăo do estabelecimento sob o regime de drawback
7201;Devoluçăo de compra para industrializaçăo
7202;Devoluçăo de compra para comercializaçăo
7205;Anulaçăo de valor relativo ŕ aquisiçăo de serviço de comunicaçăo
7206;Anulaçăo de valor relativo a aquisiçăo de serviço de transporte
7207;Anulaçăo de valor relativo ŕ compra de energia elétrica
7210;Devoluçăo de compra para utilizaçăo na prestaçăo de serviço
7211;Devoluçăo de compras para industrializaçăo sob o regime de drawback
7251;Venda de energia elétrica para o exterior
7301;Prestaçăo de serviço de comunicaçăo para execuçăo de serviço da mesma natureza
7358;Prestaçăo de serviço de transporte
7501;Exportaçăo de mercadorias recebidas com fim específico de exportaçăo
7551;Venda de bem do ativo imobilizado
7553;Devoluçăo de compra de bem para o ativo imobilizado
7556;Devoluçăo de compra de material de uso ou consumo
7651;Venda de combustível ou lubrificante de produçăo do estabelecimento destinado ŕ industrializaçăo subseqüente
7654;Venda de combustível ou lubrificante adquirido ou recebido de terceiros destinado ŕ industrializaçăo subseqüente
7667;Venda de combustível ou lubrificante a consumidor ou usuário final
7930;Lançamento efetuado a título de devoluçăo de bem cuja entrada tenha ocorrido sob amparo de regime especial aduaneiro de admissăo temporária
7949;Outra saída de mercadoria ou prestaçăo de serviço năo especificado
